{
  "type": "origins:modify_food",
  "item_condition": {
    "type": "origins:ingredient",
    "ingredient": {
      "item": "minecraft:milk_bucket"
    }
  },
  "entity_action": {
    "type": "origins:apply_effect",
    "effect": "minecraft:absorption",
    "duration": 2400,
    "amplifier": 2,
    "is_ambient": true,
    "show_particles": true,
    "show_icon": true
  },
  "food_modifier": {
    "name": "Increased Food points",
    "operation": "addition",
    "value": 4.0
  },
  "saturation_modifier": {
    "name": "Increased saturation points",
    "operation": "addition",
    "value": 3
  },
  "name": "Milch = Gapple",
  "description": "Echos ist eine Katze."
}
