{
    "type": "origins:prevent_item_use",
    "item_condition": {
    "type": "origins:or",
       "conditions": [
      {
        "type": "origins:ingredient",
        "ingredient": {
          "item": "minecraft:cooked_porkchop"
        }
      },
      {
        "type": "origins:ingredient",
        "ingredient": {
          "item": "minecraft:milk_bucket"
        }
      },
			{
        "type": "origins:ingredient",
        "ingredient": {
          "item": "minecraft:porkchop"
        }
      },

      {
        "type": "origins:ingredient",
        "ingredient": {
          "item": "minecraft:cooked_cod"
        }
      },
      {
        "type": "origins:ingredient",
        "ingredient": {
          "item": "minecraft:cooked_salmon"
        }
      },
      {
        "type": "origins:ingredient",
        "ingredient": {
          "item": "minecraft:cake"
        }
      },
			{
        "type": "origins:ingredient",
        "ingredient": {
          "item": "minecraft:cod"
        }
      },
			{
        "type": "origins:ingredient",
        "ingredient": {
          "item": "minecraft:salmon"
        }
      },
			{
        "type": "origins:ingredient",
        "ingredient": {
          "item": "minecraft:pufferfish"
        }
      },
      {
        "type": "origins:ingredient",
        "ingredient": {
          "item": "minecraft:cooked_beef"
        }
      },
      {
        "type": "origins:ingredient",
        "ingredient": {
          "item": "minecraft:cooked_chicken"
        }
      },
			{
        "type": "origins:ingredient",
        "ingredient": {
          "item": "minecraft:beef"
        }
      },
      {
        "type": "origins:ingredient",
        "ingredient": {
          "item": "minecraft:cooked_rabbit"
        }
      },
      {
        "type": "origins:ingredient",
        "ingredient": {
          "item": "minecraft:rabbit_stew"
        }
      },
      {
        "type": "origins:ingredient",
        "ingredient": {
          "item": "minecraft:cooked_mutton"
        }
      },
			 {
        "type": "origins:ingredient",
        "ingredient": {
          "item": "minecraft:rabbit"
        }
      },
			 {
        "type": "origins:ingredient",
        "ingredient": {
          "item": "minecraft:tropical_fish"
        }
      },
			{
        "type": "origins:ingredient",
        "ingredient": {
          "item": "minecraft:mutton"
        }
			},
			 {
        "type": "origins:ingredient",
        "ingredient": {
          "item": "minecraft:rotten_flesh"
        }
      },
			 {
        "type": "origins:ingredient",
        "ingredient": {
          "item": "minecraft:spider_eye"
        }
      },
				{
        "type": "origins:ingredient",
        "ingredient": {
          "item": "minecraft:chicken"
        }
			}
    ],
    "inverted": true
    },
    "name": "placeholder",
    "description": "placholder"
}
